{
  "modelName": "NanoHARMamba",
  "dataset": "unimib",
  "seed": 29,
  "bestAccuracy": 92.45023727416992,
  "bestF1": 83.14284377742072,
  "bestPrecision": 84.14053997139791,
  "bestRecall": 82.6643273398913,
  "finalAccuracy": 90.59711694717407,
  "parameters": 28305,
  "macs": 3623040,
  "sizeMb": 0.10835647583007812,
  "latencyMs": 0.0,
  "throughput": 0.0,
  "epochsTrained": 26,
  "totalEpochs": 200,
  "trainTime": 49.48270845413208,
  "earlyStopped": true,
  "checkpointPath": "results/training/nanoharmamba/fixed_seed29/unimib/20260510_083828/best_model_seed29.pt",
  "modelStatePath": "results/training/nanoharmamba/fixed_seed29/unimib/20260510_083828/model_state_seed29.pt",
  "runConfigPath": "results/training/nanoharmamba/fixed_seed29/unimib/20260510_083828/run_config_seed29.json",
  "resultPath": "results/training/nanoharmamba/fixed_seed29/unimib/20260510_083828/train_result_seed29.json",
  "confusionMatrix": [
    [
      26,
      2,
      0,
      0,
      0,
      0,
      0,
      0,
      0
    ],
    [
      1,
      30,
      5,
      0,
      2,
      0,
      1,
      4,
      0
    ],
    [
      0,
      0,
      294,
      0,
      18,
      0,
      0,
      0,
      0
    ],
    [
      0,
      0,
      0,
      397,
      0,
      0,
      0,
      0,
      0
    ],
    [
      0,
      2,
      5,
      0,
      178,
      0,
      4,
      3,
      0
    ],
    [
      0,
      0,
      0,
      0,
      0,
      158,
      4,
      1,
      0
    ],
    [
      0,
      0,
      14,
      3,
      1,
      0,
      221,
      0,
      0
    ],
    [
      0,
      5,
      5,
      0,
      1,
      0,
      2,
      30,
      16
    ],
    [
      0,
      3,
      3,
      0,
      0,
      0,
      1,
      4,
      13
    ]
  ]
}