{
  "modelName": "NanoHARMamba",
  "dataset": "skoda",
  "seed": 29,
  "bestAccuracy": 58.929914236068726,
  "bestF1": 60.251561521108854,
  "bestPrecision": 63.73664647269644,
  "bestRecall": 63.75982013791407,
  "finalAccuracy": 52.52448916435242,
  "parameters": 28163,
  "macs": 2759974,
  "sizeMb": 0.10781478881835938,
  "latencyMs": 0.0,
  "throughput": 0.0,
  "epochsTrained": 32,
  "totalEpochs": 200,
  "trainTime": 1288.8723497390747,
  "earlyStopped": true,
  "checkpointPath": "results/training/nanoharmamba/fixed_seed29/skoda/20260510_083924/best_model_seed29.pt",
  "modelStatePath": "results/training/nanoharmamba/fixed_seed29/skoda/20260510_083924/model_state_seed29.pt",
  "runConfigPath": "results/training/nanoharmamba/fixed_seed29/skoda/20260510_083924/run_config_seed29.json",
  "resultPath": "results/training/nanoharmamba/fixed_seed29/skoda/20260510_083924/train_result_seed29.json",
  "confusionMatrix": [
    [
      101,
      89,
      4,
      1,
      0,
      1,
      62,
      12,
      0,
      6,
      5
    ],
    [
      0,
      116,
      0,
      3,
      0,
      0,
      0,
      3,
      0,
      1,
      0
    ],
    [
      0,
      6,
      72,
      31,
      3,
      0,
      2,
      22,
      0,
      8,
      1
    ],
    [
      4,
      3,
      59,
      43,
      2,
      4,
      10,
      12,
      1,
      0,
      0
    ],
    [
      0,
      3,
      1,
      14,
      63,
      0,
      0,
      1,
      16,
      0,
      0
    ],
    [
      0,
      0,
      4,
      4,
      0,
      24,
      27,
      0,
      0,
      0,
      0
    ],
    [
      0,
      0,
      2,
      0,
      0,
      7,
      45,
      0,
      0,
      0,
      0
    ],
    [
      0,
      8,
      7,
      7,
      0,
      2,
      0,
      81,
      0,
      0,
      0
    ],
    [
      0,
      0,
      6,
      9,
      7,
      1,
      1,
      1,
      90,
      1,
      0
    ],
    [
      0,
      1,
      16,
      15,
      0,
      5,
      2,
      4,
      3,
      86,
      3
    ],
    [
      0,
      3,
      1,
      2,
      0,
      0,
      0,
      6,
      0,
      0,
      61
    ]
  ]
}