{
  "modelName": "NanoHARMamba",
  "dataset": "ucihar",
  "seed": 29,
  "bestAccuracy": 84.73023176193237,
  "bestF1": 85.4498612427422,
  "bestPrecision": 86.01883557400492,
  "bestRecall": 85.39895790222127,
  "finalAccuracy": 83.67831707000732,
  "parameters": 28230,
  "macs": 3613440,
  "sizeMb": 0.10807037353515625,
  "latencyMs": 0.0,
  "throughput": 0.0,
  "epochsTrained": 47,
  "totalEpochs": 200,
  "trainTime": 1464.6095581054688,
  "earlyStopped": true,
  "checkpointPath": "results/training/nanoharmamba/fixed_seed29/ucihar/20260510_043535/best_model_seed29.pt",
  "modelStatePath": "results/training/nanoharmamba/fixed_seed29/ucihar/20260510_043535/model_state_seed29.pt",
  "runConfigPath": "results/training/nanoharmamba/fixed_seed29/ucihar/20260510_043535/run_config_seed29.json",
  "resultPath": "results/training/nanoharmamba/fixed_seed29/ucihar/20260510_043535/train_result_seed29.json",
  "confusionMatrix": [
    [
      494,
      1,
      1,
      0,
      0,
      0
    ],
    [
      7,
      463,
      1,
      0,
      0,
      0
    ],
    [
      16,
      4,
      400,
      0,
      0,
      0
    ],
    [
      0,
      0,
      1,
      357,
      82,
      51
    ],
    [
      0,
      0,
      1,
      95,
      422,
      14
    ],
    [
      0,
      0,
      0,
      124,
      52,
      361
    ]
  ]
}