{
  "dataset": "pamap2",
  "config": {
    "name": "PAMAP2",
    "inputChannels": 19,
    "seqLen": 128,
    "numClasses": 12,
    "classNames": [
      "Lying",
      "Sitting",
      "Standing",
      "Walking",
      "Running",
      "Cycling",
      "Nordic Walking",
      "Ascending Stairs",
      "Descending Stairs",
      "Vacuum Cleaning",
      "Ironing",
      "Rope Jumping"
    ],
    "batchSize": 64,
    "lr": 0.001702,
    "weightDecay": 0.016797,
    "dropout": 0.051
  },
  "seeds": 5,
  "epochs": 200,
  "results": [
    {
      "seed": 74096,
      "bestEpoch": 1,
      "testAcc": 69.26673228346458,
      "testF1": 69.3474110312957,
      "testLoss": 0.9870821071356007,
      "trainHistory": {
        "loss": [
          0.697774106733544,
          0.20314639134903176,
          0.1699920470767111,
          0.14202454569884118,
          0.12896673555749688,
          0.11384096429171849,
          0.10720593679018017,
          0.09946959505848199,
          0.09211619658061879,
          0.08244788291664913,
          0.08209790119287595
        ],
        "acc": [
          84.80336697289225,
          93.89057338100194,
          94.5286690500973,
          95.26632574557632,
          95.66004434991176,
          96.0628139566457,
          96.31624202380414,
          96.4384305561841,
          96.74163913653437,
          97.10367923247499,
          96.94076118930171
        ],
        "f1": [
          84.99156184657718,
          93.90455919164981,
          94.50312014004365,
          95.25422462188003,
          95.56712843539053,
          96.09302172317267,
          96.30902944136125,
          96.44681939868362,
          96.65051548205889,
          97.1299518444853,
          96.97936400087217
        ]
      },
      "valHistory": {
        "loss": [
          0.9870821071356007,
          1.4513705740554448,
          1.4586663148466747,
          1.7141892781273065,
          1.649704191806464,
          1.8598069210042243,
          1.8321563114602792,
          1.7681664475094294,
          1.7402157326019003,
          2.6426072878037545,
          2.5630872648962826
        ],
        "acc": [
          69.26673228346458,
          64.87450787401575,
          66.19709645669292,
          59.52878937007874,
          65.15748031496062,
          61.48499015748031,
          60.014763779527556,
          64.0994094488189,
          65.5142716535433,
          58.17544291338582,
          59.910187007874015
        ],
        "f1": [
          69.3474110312957,
          65.5086775534587,
          67.13542265952118,
          56.741698802743954,
          60.61155851536647,
          58.572651896161666,
          60.641151878365285,
          65.02661549746003,
          65.63215150040226,
          58.91144222964986,
          57.04679684181577
        ]
      }
    },
    {
      "seed": 84507,
      "bestEpoch": 1,
      "testAcc": 62.27854330708661,
      "testF1": 63.64097931387228,
      "testLoss": 1.3823386702877212,
      "trainHistory": {
        "loss": [
          0.7089671442618949,
          0.2175553795273249,
          0.1672772634882114,
          0.13914101323209746,
          0.12261708895541254,
          0.11116677068303087,
          0.11201308656623857,
          0.09251144914645594,
          0.08918811006315397,
          0.09392085269691067,
          0.07564111118140292
        ],
        "acc": [
          85.10657555324252,
          93.22532470471104,
          94.67348508847356,
          95.38851427795628,
          95.82296239308504,
          96.22120649861972,
          96.11259446983753,
          96.86835317011358,
          96.88192967371137,
          96.80499615332398,
          97.30732678644159
        ],
        "f1": [
          85.48737028191057,
          93.29235086333435,
          94.68245629296828,
          95.38231075847094,
          95.85080649081699,
          96.27964334855892,
          96.16887291836905,
          96.9804648124358,
          96.88091119834647,
          96.75987982237366,
          97.36292075062065
        ]
      },
      "valHistory": {
        "loss": [
          1.3823386702877212,
          1.566644826518027,
          2.0194086518723475,
          1.7812594768990428,
          1.949602104405603,
          2.107282453843032,
          2.044200016063955,
          2.415987019741648,
          2.4834945312105683,
          2.7653896501631565,
          2.6510421195781655
        ],
        "acc": [
          62.27854330708661,
          62.52460629921261,
          60.968257874015755,
          59.83021653543307,
          59.3257874015748,
          62.34621062992126,
          59.3257874015748,
          54.98277559055118,
          57.63410433070866,
          51.07652559055118,
          54.32455708661418
        ],
        "f1": [
          63.64097931387228,
          63.50867984555991,
          62.851850953602565,
          58.01778261764293,
          56.00462732811149,
          62.36483053354004,
          57.48198751272792,
          53.76595242217985,
          53.17008217482392,
          46.96575830087002,
          49.96284329444939
        ]
      }
    },
    {
      "seed": 10734,
      "bestEpoch": 2,
      "testAcc": 67.42741141732283,
      "testF1": 67.92290051378157,
      "testLoss": 1.4182111328251397,
      "trainHistory": {
        "loss": [
          0.713140143156913,
          0.23008161551733583,
          0.17089990785916073,
          0.1455178266240424,
          0.1289547548839295,
          0.11252072989413073,
          0.0993038176174001,
          0.09704488900764657,
          0.08919469190282327,
          0.07817805570824815,
          0.0817078087301225,
          0.07682204573762447
        ],
        "acc": [
          84.43227587455311,
          93.06693216273703,
          94.4110060189166,
          95.23464723718152,
          95.69172285830656,
          96.1804769878264,
          96.66470561614699,
          96.61492510295516,
          96.86835317011358,
          97.23039326605422,
          97.11273023487351,
          97.10820473367426
        ],
        "f1": [
          84.29358359533458,
          92.98376134415851,
          94.37421064618444,
          95.12000414413873,
          95.6763848655568,
          96.1513939846863,
          96.7107868992199,
          96.54354653093313,
          96.86046766802697,
          97.28155725790513,
          97.10196414476576,
          97.09183368902322
        ]
      },
      "valHistory": {
        "loss": [
          1.4265510021254244,
          1.4182111328251397,
          1.5037201533046383,
          1.7517140395375608,
          1.6943642288511966,
          2.022145861729303,
          2.0582612014797745,
          2.2821760770612016,
          2.0885369245279866,
          2.5456056698493787,
          2.5192837644221515,
          2.5870682624502472
        ],
        "acc": [
          62.78912401574803,
          67.42741141732283,
          61.811023622047244,
          64.03174212598425,
          63.69340551181102,
          58.35383858267716,
          63.10285433070866,
          61.58956692913385,
          60.75910433070866,
          57.28961614173228,
          57.27116141732284,
          59.20890748031496
        ],
        "f1": [
          63.65913135123547,
          67.92290051378157,
          62.11032477640585,
          64.54530625945677,
          60.70683743850098,
          57.286845391956184,
          60.35171163618167,
          59.88207893298977,
          55.64495892859157,
          51.815003936369116,
          51.99044022546207,
          57.61738467824075
        ]
      }
    },
    {
      "seed": 16097,
      "bestEpoch": 3,
      "testAcc": 64.0255905511811,
      "testF1": 65.50081070687315,
      "testLoss": 1.6027002228239706,