{
  "dataset": "pamap2",
  "model": "Nano-CI-Mamba",
  "architecture": "Nano-CI-Mamba",
  "nSeeds": 1,
  "seeds": [
    29
  ],
  "meanAccuracy": 67.00282692909241,
  "stdAccuracy": 0.0,
  "meanF1": 65.27361748372425,
  "stdF1": 0.0,
  "parameters": 28380,
  "macs": 3632640,
  "sizeMb": 0.108642578125,
  "latencyMs": 0.0,
  "architectureConfig": {
    "dModel": 24,
    "dState": 16,
    "nLayers": 4,
    "expand": 2,
    "dtRank": 2,
    "dConv": 4,
    "bidirectional": true,
    "weightTied": true,
    "useGatedAttention": true,
    "channelIndependent": true
  },
  "runTag": "fixed_seed29",
  "seqLen": 128,
  "results": [
    {
      "modelName": "NanoHARMamba",
      "dataset": "pamap2",
      "seed": 29,
      "bestAccuracy": 67.00282692909241,
      "bestF1": 65.27361748372425,
      "bestPrecision": 71.89522778012973,
      "bestRecall": 67.85783018044795,
      "finalAccuracy": 61.763620376586914,
      "parameters": 28380,
      "macs": 3632640,
      "sizeMb": 0.108642578125,
      "latencyMs": 0.0,
      "throughput": 0.0,
      "epochsTrained": 16,
      "totalEpochs": 200,
      "trainTime": 425.2803430557251,
      "earlyStopped": true,
      "checkpointPath": "results/training/nanoharmamba/fixed_seed29/pamap2/20260510_075232/best_model_seed29.pt",
      "modelStatePath": "results/training/nanoharmamba/fixed_seed29/pamap2/20260510_075232/model_state_seed29.pt",
      "runConfigPath": "results/training/nanoharmamba/fixed_seed29/pamap2/20260510_075232/run_config_seed29.json",
      "resultPath": "results/training/nanoharmamba/fixed_seed29/pamap2/20260510_075232/train_result_seed29.json",
      "confusionMatrix": [
        [
          650,
          24,
          32,
          0,
          0,
          10,
          1,
          0,
          0,
          12,
          4,
          0
        ],
        [
          4,
          433,
          220,
          0,
          0,
          6,
          0,
          0,
          1,
          8,
          106,
          0
        ],
        [
          0,
          25,
          286,
          0,
          0,
          0,
          0,
          4,
          1,
          13,
          395,
          0
        ],
        [
          0,
          2,
          19,
          199,
          0,
          82,
          400,
          0,
          7,
          113,
          6,
          72
        ],
        [
          9,
          0,
          12,
          1,
          433,
          1,
          0,
          4,
          4,
          10,
          7,
          259
        ],
        [
          0,
          7,
          5,
          0,
          0,
          654,
          6,
          0,
          0,
          14,
          8,
          8
        ],
        [
          0,
          2,
          1,
          0,
          0,
          1,
          783,
          0,
          7,
          2,
          20,
          9
        ],
        [
          0,
          2,
          20,
          3,
          0,
          5,
          9,
          316,
          20,
          24,
          25,
          2
        ],
        [
          0,
          5,
          11,
          1,
          0,
          6,
          12,
          4,
          264,
          29,
          33,
          4
        ],
        [
          0,
          4,
          0,
          0,
          0,
          150,
          5,
          3,
          2,
          504,
          40,
          1
        ],
        [
          0,
          7,
          37,
          0,
          0,
          26,
          3,
          1,
          1,
          186,
          843,
          0
        ],
        [
          2,
          0,
          8,
          0,
          1,
          0,
          0,
          1,
          24,
          1,
          1,
          83
        ]
      ]
    }
  ]
}