{
  "modelName": "NanoHARMamba",
  "dataset": "daphnet",
  "seed": 29,
  "bestAccuracy": 96.0774302482605,
  "bestF1": 82.84700400479804,
  "bestPrecision": 83.77681421549606,
  "bestRecall": 81.9757423088274,
  "finalAccuracy": 95.26235461235046,
  "parameters": 27746,
  "macs": 1775744,
  "sizeMb": 0.10622406005859375,
  "latencyMs": 0.0,
  "throughput": 0.0,
  "epochsTrained": 22,
  "totalEpochs": 200,
  "trainTime": 540.2327988147736,
  "earlyStopped": true,
  "checkpointPath": "results/training/nanoharmamba/fixed_seed29/daphnet/20260510_090103/best_model_seed29.pt",
  "modelStatePath": "results/training/nanoharmamba/fixed_seed29/daphnet/20260510_090103/model_state_seed29.pt",
  "runConfigPath": "results/training/nanoharmamba/fixed_seed29/daphnet/20260510_090103/run_config_seed29.json",
  "resultPath": "results/training/nanoharmamba/fixed_seed29/daphnet/20260510_090103/train_result_seed29.json",
  "confusionMatrix": [
    [
      1805,
      35
    ],
    [
      42,
      81
    ]
  ]
}